Pattern,Observations,Mean_Return,Median_Return,Std_Dev,Win_Rate,Min,Max,25th_Percentile,75th_Percentile,Skewness,Kurtosis
All Days,6432,0.0847508328023498,0.06405046024460237,2.0615066554053776,51.741293532338304,-16.435169801289295,21.09102967998673,-0.9969983668564109,1.1281111790672205,0.2039616065279081,7.361516656150603
Wednesday,1285,0.19682138550462946,0.1428163381891112,1.9638595503373992,53.463035019455255,-12.76430434541318,14.647513433666571,-0.8729245438106159,1.1467072657186383,0.5363189018800596,7.912578800060338
Monday,1281,-0.005918560787706469,0.01299376299377375,2.2178449038580013,50.195160031225605,-15.354166666666657,21.09102967998673,-1.0698365527488818,1.1280724450194013,0.06407170317375975,10.671179956228183
April,497,0.2340343365203186,0.10491344640672917,2.260244190891313,53.72233400402414,-8.16893581550432,12.617246596066579,-0.9397841977027532,1.3608815426997323,0.6880991414416164,5.41576887675512
February,516,0.014256109138282706,-0.006719225945173157,1.8149414440836107,49.8062015503876,-8.010563380281678,10.972170686456394,-0.9992324214306486,0.9816609941984578,0.20650546084038968,3.565224788168311
Month-End (Last 5),1555,0.17436543137754568,0.09378663540444698,2.060812897405538,52.99035369774919,-16.435169801289295,14.647513433666571,-1.0022525360977197,1.205168641304366,0.7411772461902647,8.339863640113352
First Monday,311,0.17248752863211722,0.17764003326026234,2.0257215261690726,54.662379421221864,-8.618742576763571,6.378561992828846,-0.990327197795271,1.2877235917283847,-0.2661700152438481,1.8280319323277334
