Metric,Value (%)
VaR (95%),-3.0984699811029257
CVaR (95%),-5.277675487007259
