Period,Average_Return (%)
Daily,0.0847508328023498
Weekly,0.4047052765336254
Monthly,1.6740968226325925
Yearly (Avg),23.57818010296843
CAGR,17.113713703183752
