Quarter,Months,Avg_Return_%,Win_Rate_%,Std_Dev_%,Trading_Days
Q1,Jan-Mar,0.06213737774086809,50.43640897755611,2.2204794214043764,1604
Q2,Apr-Jun,0.1293027107776178,51.80572851805728,2.145003730717573,1606
Q3,Jul-Sep,0.083500280834055,52.300242130750604,1.8660246303072805,1652
Q4,Oct-Dec,0.06359549498369829,52.38701464035647,2.0021602738445767,1571
